Model	Condition	Distance	MI	UnigramCE
3416663	0	0	0	6.38887342112
3416663	0	1	1.06909340093	6.38887342112
3416663	0	2	0.111904447753	6.38887342112
3416663	0	3	0.02780360962	6.38887342112
3416663	0	4	0.0126428163915	6.38887342112
3416663	0	5	0.00761487154257	6.38887342112
3416663	0	6	0.00402708732722	6.38887342112
3416663	0	7	0.00242327116625	6.38887342112
3416663	0	8	0.00271255934776	6.38887342112
3416663	0	9	0.000800247924026	6.38887342112
3416663	0	10	0.00296902658743	6.38887342112
3416663	0	11	0.000679807793365	6.38887342112
3416663	0	12	0.00160876311129	6.38887342112
3416663	0	13	0.0011874949198	6.38887342112
3416663	0	14	0.00126230256146	6.38887342112
3416663	0	15	0.000905674751214	6.38887342112
3416663	0	16	0.000420333245835	6.38887342112
3416663	0	17	0.000309205333103	6.38887342112
3416663	0	18	0.000408842726192	6.38887342112
3416663	0	19	0.0003907217327	6.38887342112
3416663	1	0	0	6.38887342112
3416663	1	1	1.03694848773	6.38887342112
3416663	1	2	0.112665250475	6.38887342112
3416663	1	3	0.0249388960728	6.38887342112
3416663	1	4	0.012358306296	6.38887342112
3416663	1	5	0.0063455859882	6.38887342112
3416663	1	6	0.00484373487004	6.38887342112
3416663	1	7	0.00527369215739	6.38887342112
3416663	1	8	0.00302578749389	6.38887342112
3416663	1	9	0.00193461840597	6.38887342112
3416663	1	10	0.000207516581923	6.38887342112
3416663	1	11	0.00142318230764	6.38887342112
3416663	1	12	2.52568788506e-05	6.38887342112
3416663	1	13	0.000653460625935	6.38887342112
3416663	1	14	-3.97810490069e-05	6.38887342112
3416663	1	15	0.000644342652305	6.38887342112
3416663	1	16	-0.000356739350849	6.38887342112
3416663	1	17	0.000548419705594	6.38887342112
3416663	1	18	0.000305086732556	6.38887342112
3416663	1	19	0.00022802408041	6.38887342112
7808182	0	0	0	6.41232529036
7808182	0	1	1.05205918916	6.41232529036
7808182	0	2	0.126768331019	6.41232529036
7808182	0	3	0.0261646201438	6.41232529036
7808182	0	4	0.00957824541274	6.41232529036
7808182	0	5	0.00372068512447	6.41232529036
7808182	0	6	0.00167276724288	6.41232529036
7808182	0	7	0.00113828626151	6.41232529036
7808182	0	8	-0.000631581077426	6.41232529036
7808182	0	9	0.000457633577641	6.41232529036
7808182	0	10	0.00107254312051	6.41232529036
7808182	0	11	0.000450360509161	6.41232529036
7808182	0	12	-9.08551352214e-05	6.41232529036
7808182	0	13	-0.000808598984926	6.41232529036
7808182	0	14	-0.000129889969302	6.41232529036
7808182	0	15	-1.71197098497e-05	6.41232529036
7808182	0	16	9.45421012153e-05	6.41232529036
7808182	0	17	-7.91496297126e-06	6.41232529036
7808182	0	18	-0.000685784164083	6.41232529036
7808182	0	19	1.67638651432e-05	6.41232529036
7808182	1	0	0	6.41232529036
7808182	1	1	0.988371709733	6.41232529036
7808182	1	2	0.126989733334	6.41232529036
7808182	1	3	0.0367699885922	6.41232529036
7808182	1	4	0.0105046152117	6.41232529036
7808182	1	5	0.00743821661243	6.41232529036
7808182	1	6	0.00551312199708	6.41232529036
7808182	1	7	0.00521082837417	6.41232529036
7808182	1	8	0.00164369641066	6.41232529036
7808182	1	9	0.00136848601812	6.41232529036
7808182	1	10	0.000116978390037	6.41232529036
7808182	1	11	0.000435457958632	6.41232529036
7808182	1	12	0.00105002014596	6.41232529036
7808182	1	13	-0.000468848899623	6.41232529036
7808182	1	14	-0.000575222399757	6.41232529036
7808182	1	15	0.000289767294113	6.41232529036
7808182	1	16	-8.38894269499e-05	6.41232529036
7808182	1	17	0.000368709683232	6.41232529036
7808182	1	18	0.000123114129474	6.41232529036
7808182	1	19	0.000460747656412	6.41232529036
2592460	0	0	0	6.4154843888
2592460	0	1	1.12106370501	6.4154843888
2592460	0	2	0.124035026695	6.4154843888
2592460	0	3	0.0271053492306	6.4154843888
2592460	0	4	0.0118384011636	6.4154843888
2592460	0	5	0.00595792083551	6.4154843888
2592460	0	6	0.00294791487058	6.4154843888
2592460	0	7	0.00333914582178	6.4154843888
2592460	0	8	0.00212831896271	6.4154843888
2592460	0	9	0.00250463813032	6.4154843888
2592460	0	10	0.00318925092119	6.4154843888
2592460	0	11	0.0012012703808	6.4154843888
2592460	0	12	0.000841082154342	6.4154843888
2592460	0	13	0.00148713686077	6.4154843888
2592460	0	14	5.88812718236e-05	6.4154843888
2592460	0	15	0.000822911232318	6.4154843888
2592460	0	16	0.000216797031131	6.4154843888
2592460	0	17	-0.000133362343259	6.4154843888
2592460	0	18	0.00129169094964	6.4154843888
2592460	0	19	-2.13223706149e-05	6.4154843888
2592460	1	0	0	6.4154843888
2592460	1	1	1.0757559745	6.4154843888
2592460	1	2	0.123551079644	6.4154843888
2592460	1	3	0.0294572056636	6.4154843888
2592460	1	4	0.0119644328083	6.4154843888
2592460	1	5	0.00951492518386	6.4154843888
2592460	1	6	0.00485428348642	6.4154843888
2592460	1	7	0.00496015052484	6.4154843888
2592460	1	8	0.00185393088125	6.4154843888
2592460	1	9	0.00239847891591	6.4154843888
2592460	1	10	0.00191647872757	6.4154843888
2592460	1	11	0.000746059277697	6.4154843888
2592460	1	12	0.000974956560411	6.4154843888
2592460	1	13	0.000975234821169	6.4154843888
2592460	1	14	0.000999259021048	6.4154843888
2592460	1	15	0.000153178587587	6.4154843888
2592460	1	16	0.000947613141576	6.4154843888
2592460	1	17	0.000179978743752	6.4154843888
2592460	1	18	-0.000404166247611	6.4154843888
2592460	1	19	0.000361733998006	6.4154843888
5039182	0	0	0	6.40137982145
5039182	0	1	1.10173004037	6.40137982145
5039182	0	2	0.106585935922	6.40137982145
5039182	0	3	0.0258307635505	6.40137982145
5039182	0	4	0.0112499776341	6.40137982145
5039182	0	5	0.00647822364575	6.40137982145
5039182	0	6	0.00265329851408	6.40137982145
5039182	0	7	0.00396297804378	6.40137982145
5039182	0	8	0.00300099314315	6.40137982145
5039182	0	9	0.00166279759617	6.40137982145
5039182	0	10	0.00197554063478	6.40137982145
5039182	0	11	0.000278172541553	6.40137982145
5039182	0	12	0.00107180819529	6.40137982145
5039182	0	13	-0.000396893791751	6.40137982145
5039182	0	14	0.00112818918983	6.40137982145
5039182	0	15	0.000183993942795	6.40137982145
5039182	0	16	-0.000136755032858	6.40137982145
5039182	0	17	0.000135106428661	6.40137982145
5039182	0	18	5.15883807095e-05	6.40137982145
5039182	0	19	0.000389900778131	6.40137982145
5039182	1	0	0	6.40137982145
5039182	1	1	1.03313999626	6.40137982145
5039182	1	2	0.0990156358542	6.40137982145
5039182	1	3	0.0281962044821	6.40137982145
5039182	1	4	0.0138220708283	6.40137982145
5039182	1	5	0.00890387764128	6.40137982145
5039182	1	6	0.00484094447342	6.40137982145
5039182	1	7	0.005310209167	6.40137982145
5039182	1	8	0.00279459367381	6.40137982145
5039182	1	9	0.00275549906552	6.40137982145
5039182	1	10	0.00114076772261	6.40137982145
5039182	1	11	0.0010204957999	6.40137982145
5039182	1	12	0.00201373289755	6.40137982145
5039182	1	13	0.000695765931924	6.40137982145
5039182	1	14	0.000346198435977	6.40137982145
5039182	1	15	-0.000475013213409	6.40137982145
5039182	1	16	-0.000795977437475	6.40137982145
5039182	1	17	0.000114432034978	6.40137982145
5039182	1	18	0.000208698238398	6.40137982145
5039182	1	19	0.000384172518515	6.40137982145
9312424	0	0	0	6.41368844116
9312424	0	1	1.12148045115	6.41368844116
9312424	0	2	0.131824521764	6.41368844116
9312424	0	3	0.023644852531	6.41368844116
9312424	0	4	0.0116230571796	6.41368844116
9312424	0	5	0.00685179166819	6.41368844116
9312424	0	6	0.00453703095194	6.41368844116
9312424	0	7	0.00292575089135	6.41368844116
9312424	0	8	0.000897732176584	6.41368844116
9312424	0	9	0.000698964420979	6.41368844116
9312424	0	10	0.000200755751285	6.41368844116
9312424	0	11	0.000177621119414	6.41368844116
9312424	0	12	0.00105711607974	6.41368844116
9312424	0	13	0.000410644660425	6.41368844116
9312424	0	14	-8.54515642095e-05	6.41368844116
9312424	0	15	0.000412981718235	6.41368844116
9312424	0	16	0.000758229455478	6.41368844116
9312424	0	17	-0.000316381607623	6.41368844116
9312424	0	18	0.000447531648762	6.41368844116
9312424	0	19	0.000414561621473	6.41368844116
9312424	1	0	0	6.41368844116
9312424	1	1	1.0745763535	6.41368844116
9312424	1	2	0.128975779702	6.41368844116
9312424	1	3	0.0289456150975	6.41368844116
9312424	1	4	0.0130698767301	6.41368844116
9312424	1	5	0.00694773579405	6.41368844116
9312424	1	6	0.00544266500768	6.41368844116
9312424	1	7	0.00527494995378	6.41368844116
9312424	1	8	0.000880240387596	6.41368844116
9312424	1	9	0.00148490876181	6.41368844116
9312424	1	10	-0.000610513425458	6.41368844116
9312424	1	11	7.62691779608e-05	6.41368844116
9312424	1	12	0.00050528237412	6.41368844116
9312424	1	13	0.00178991239684	6.41368844116
9312424	1	14	0.000145529589216	6.41368844116
9312424	1	15	0.00108571523831	6.41368844116
9312424	1	16	0.00108164407206	6.41368844116
9312424	1	17	-0.000409312737014	6.41368844116
9312424	1	18	0.000117983218124	6.41368844116
9312424	1	19	0.000348800714491	6.41368844116
82142	0	0	0	6.39749403847
82142	0	1	1.09910445285	6.39749403847
82142	0	2	0.122815478009	6.39749403847
82142	0	3	0.0181713661732	6.39749403847
82142	0	4	0.0137290581329	6.39749403847
82142	0	5	0.00772498421268	6.39749403847
82142	0	6	0.00368809085204	6.39749403847
82142	0	7	0.00464952557614	6.39749403847
82142	0	8	0.00299772713462	6.39749403847
82142	0	9	0.00241898982757	6.39749403847
82142	0	10	0.00188398746281	6.39749403847
82142	0	11	0.000719326772284	6.39749403847
82142	0	12	0.00148129211584	6.39749403847
82142	0	13	0.00137404296292	6.39749403847
82142	0	14	0.00084822232804	6.39749403847
82142	0	15	0.000410532332171	6.39749403847
82142	0	16	-0.000275334710647	6.39749403847
82142	0	17	0.000637020705501	6.39749403847
82142	0	18	0.000250735129305	6.39749403847
82142	0	19	0.000807516879201	6.39749403847
82142	1	0	0	6.39749403847
82142	1	1	1.05887386188	6.39749403847
82142	1	2	0.120409081592	6.39749403847
82142	1	3	0.0205576747801	6.39749403847
82142	1	4	0.0133506419233	6.39749403847
82142	1	5	0.00734455436482	6.39749403847
82142	1	6	0.00430532034312	6.39749403847
82142	1	7	0.00448461824725	6.39749403847
82142	1	8	0.00264936155536	6.39749403847
82142	1	9	0.00237381956036	6.39749403847
82142	1	10	-1.67343281081e-05	6.39749403847
82142	1	11	0.00202526967001	6.39749403847
82142	1	12	0.00159540326921	6.39749403847
82142	1	13	0.00185139515952	6.39749403847
82142	1	14	-2.6662272905e-05	6.39749403847
82142	1	15	0.00123330178672	6.39749403847
82142	1	16	0.00119034084605	6.39749403847
82142	1	17	0.00022607529241	6.39749403847
82142	1	18	0.000266901733701	6.39749403847
82142	1	19	0.00113716713603	6.39749403847
609376	0	0	0	6.40468893494
609376	0	1	1.10369749875	6.40468893494
609376	0	2	0.113601174389	6.40468893494
609376	0	3	0.0253248380567	6.40468893494
609376	0	4	0.0101663710776	6.40468893494
609376	0	5	0.00535853250186	6.40468893494
609376	0	6	0.0033095920262	6.40468893494
609376	0	7	0.00243734886769	6.40468893494
609376	0	8	0.0023336505041	6.40468893494
609376	0	9	0.000756572055808	6.40468893494
609376	0	10	0.00288641512957	6.40468893494
609376	0	11	0.00209580244926	6.40468893494
609376	0	12	0.00136292959841	6.40468893494
609376	0	13	0.00138293334822	6.40468893494
609376	0	14	0.00116318580786	6.40468893494
609376	0	15	0.00102387829375	6.40468893494
609376	0	16	0.000524717481286	6.40468893494
609376	0	17	-0.000373856829013	6.40468893494
609376	0	18	-7.25469863161e-05	6.40468893494
609376	0	19	-6.31422627633e-05	6.40468893494
609376	1	0	0	6.40468893494
609376	1	1	1.04639196243	6.40468893494
609376	1	2	0.119673542356	6.40468893494
609376	1	3	0.0298690374503	6.40468893494
609376	1	4	0.00920063615491	6.40468893494
609376	1	5	0.00704669676714	6.40468893494
609376	1	6	0.00381650755775	6.40468893494
609376	1	7	0.00414169605931	6.40468893494
609376	1	8	0.00364298394725	6.40468893494
609376	1	9	0.00193152043036	6.40468893494
609376	1	10	0.000747900332093	6.40468893494
609376	1	11	0.00172482064594	6.40468893494
609376	1	12	0.00104237425444	6.40468893494
609376	1	13	0.00106639827929	6.40468893494
609376	1	14	0.000495711849339	6.40468893494
609376	1	15	0.000424432723886	6.40468893494
609376	1	16	0.000764921103813	6.40468893494
609376	1	17	-0.000295425189945	6.40468893494
609376	1	18	0.000896937695951	6.40468893494
609376	1	19	0.000265974358286	6.40468893494
3965274	0	0	0	6.41283714094
3965274	0	1	1.11840546266	6.41283714094
3965274	0	2	0.119847493007	6.41283714094
3965274	0	3	0.0221787353628	6.41283714094
3965274	0	4	0.00903720598413	6.41283714094
3965274	0	5	0.00721718803988	6.41283714094
3965274	0	6	0.00200583088712	6.41283714094
3965274	0	7	0.00298785690738	6.41283714094
3965274	0	8	0.000871640996801	6.41283714094
3965274	0	9	0.000577195692557	6.41283714094
3965274	0	10	0.001590675068	6.41283714094
3965274	0	11	0.00140096279878	6.41283714094
3965274	0	12	0.00163003655982	6.41283714094
3965274	0	13	-6.86617064742e-05	6.41283714094
3965274	0	14	0.000273205681089	6.41283714094
3965274	0	15	3.75334774727e-06	6.41283714094
3965274	0	16	0.000519860542355	6.41283714094
3965274	0	17	0.000767061685634	6.41283714094
3965274	0	18	0.000960533166245	6.41283714094
3965274	0	19	0.000224798504799	6.41283714094
3965274	1	0	0	6.41283714094
3965274	1	1	1.05341477454	6.41283714094
3965274	1	2	0.120357857633	6.41283714094
3965274	1	3	0.036012549154	6.41283714094
3965274	1	4	0.0133191000007	6.41283714094
3965274	1	5	0.00859408331779	6.41283714094
3965274	1	6	0.00439623385228	6.41283714094
3965274	1	7	0.00448624142772	6.41283714094
3965274	1	8	0.00259639421078	6.41283714094
3965274	1	9	0.00120603398269	6.41283714094
3965274	1	10	0.000783482089747	6.41283714094
3965274	1	11	0.001133490147	6.41283714094
3965274	1	12	0.000522486231705	6.41283714094
3965274	1	13	0.000817335165016	6.41283714094
3965274	1	14	-0.000309108889211	6.41283714094
3965274	1	15	0.000347201644996	6.41283714094
3965274	1	16	-0.000348674689803	6.41283714094
3965274	1	17	0.000465659906178	6.41283714094
3965274	1	18	0.000140170958257	6.41283714094
3965274	1	19	0.00110334587325	6.41283714094
7317878	0	0	0	6.40087788344
7317878	0	1	1.1028195851	6.40087788344
7317878	0	2	0.13278392784	6.40087788344
7317878	0	3	0.0269413354955	6.40087788344
7317878	0	4	0.00812408759352	6.40087788344
7317878	0	5	0.0059947172436	6.40087788344
7317878	0	6	0.00254868200813	6.40087788344
7317878	0	7	0.00248144923782	6.40087788344
7317878	0	8	0.0022892508691	6.40087788344
7317878	0	9	0.00120505711633	6.40087788344
7317878	0	10	0.00202671155871	6.40087788344
7317878	0	11	6.96593143967e-05	6.40087788344
7317878	0	12	0.00116738054833	6.40087788344
7317878	0	13	0.000719071265983	6.40087788344
7317878	0	14	0.000197495475125	6.40087788344
7317878	0	15	0.00135900948675	6.40087788344
7317878	0	16	-7.37717887445e-05	6.40087788344
7317878	0	17	1.22991342923e-05	6.40087788344
7317878	0	18	3.32745431901e-05	6.40087788344
7317878	0	19	-5.69867882128e-06	6.40087788344
7317878	1	0	0	6.40087788344
7317878	1	1	1.05360629329	6.40087788344
7317878	1	2	0.122625882881	6.40087788344
7317878	1	3	0.0244958003617	6.40087788344
7317878	1	4	0.011702199808	6.40087788344
7317878	1	5	0.00777911680428	6.40087788344
7317878	1	6	0.00459221274282	6.40087788344
7317878	1	7	0.00578692975236	6.40087788344
7317878	1	8	0.00312217130588	6.40087788344
7317878	1	9	0.00105530530627	6.40087788344
7317878	1	10	0.000303819528072	6.40087788344
7317878	1	11	0.00105976854933	6.40087788344
7317878	1	12	0.00113611124169	6.40087788344
7317878	1	13	0.00131332037415	6.40087788344
7317878	1	14	0.000524991891291	6.40087788344
7317878	1	15	-0.000245275722356	6.40087788344
7317878	1	16	0.000755985034566	6.40087788344
7317878	1	17	0.000352141856491	6.40087788344
7317878	1	18	0.00011308589003	6.40087788344
7317878	1	19	0.000597897129036	6.40087788344
2599167	0	0	0	6.40459076682
2599167	0	1	1.07270410816	6.40459076682
2599167	0	2	0.122558357979	6.40459076682
2599167	0	3	0.0137891323509	6.40459076682
2599167	0	4	0.00480271151517	6.40459076682
2599167	0	5	0.00430305894388	6.40459076682
2599167	0	6	0.00131018463489	6.40459076682
2599167	0	7	0.0033483921393	6.40459076682
2599167	0	8	0.00191223869698	6.40459076682
2599167	0	9	0.00137352481767	6.40459076682
2599167	0	10	0.00192547535868	6.40459076682
2599167	0	11	0.000525844133239	6.40459076682
2599167	0	12	0.00063305202182	6.40459076682
2599167	0	13	0.000852162743683	6.40459076682
2599167	0	14	-0.000127330092845	6.40459076682
2599167	0	15	0.000975803945155	6.40459076682
2599167	0	16	-0.000738665566834	6.40459076682
2599167	0	17	0.000517232971387	6.40459076682
2599167	0	18	-0.000406991782359	6.40459076682
2599167	0	19	0.000196359152531	6.40459076682
2599167	1	0	0	6.40459076682
2599167	1	1	1.00717962249	6.40459076682
2599167	1	2	0.114558767855	6.40459076682
2599167	1	3	0.0232426594449	6.40459076682
2599167	1	4	0.00739863562761	6.40459076682
2599167	1	5	0.00587850427851	6.40459076682
2599167	1	6	0.00372759714098	6.40459076682
2599167	1	7	0.00449730678907	6.40459076682
2599167	1	8	0.00323047223983	6.40459076682
2599167	1	9	0.00158249274015	6.40459076682
2599167	1	10	0.000973241530701	6.40459076682
2599167	1	11	0.000356327013827	6.40459076682
2599167	1	12	0.000571019082614	6.40459076682
2599167	1	13	7.99281384687e-05	6.40459076682
2599167	1	14	0.00116963424606	6.40459076682
2599167	1	15	0.000708941856721	6.40459076682
2599167	1	16	0.000575943103436	6.40459076682
2599167	1	17	-0.000231153999784	6.40459076682
2599167	1	18	-1.21128102926e-06	6.40459076682
2599167	1	19	0.000252190845718	6.40459076682
3496348	0	0	0	6.42110248118
3496348	0	1	1.11994350658	6.42110248118
3496348	0	2	0.119998883925	6.42110248118
3496348	0	3	0.0225674947424	6.42110248118
3496348	0	4	0.00806554987024	6.42110248118
3496348	0	5	0.00504423953464	6.42110248118
3496348	0	6	0.0016780077257	6.42110248118
3496348	0	7	0.00215655304351	6.42110248118
3496348	0	8	0.00189692674126	6.42110248118
3496348	0	9	0.00112645114312	6.42110248118
3496348	0	10	0.0014419318055	6.42110248118
3496348	0	11	0.00119271286695	6.42110248118
3496348	0	12	0.000873140077958	6.42110248118
3496348	0	13	0.000568031859943	6.42110248118
3496348	0	14	0.000310151130877	6.42110248118
3496348	0	15	0.000118824345393	6.42110248118
3496348	0	16	2.08545914813e-05	6.42110248118
3496348	0	17	-0.000121351796749	6.42110248118
3496348	0	18	0.00116369353857	6.42110248118
3496348	0	19	0.000806173666077	6.42110248118
3496348	1	0	0	6.42110248118
3496348	1	1	1.0471218001	6.42110248118
3496348	1	2	0.116330548887	6.42110248118
3496348	1	3	0.0316100622455	6.42110248118
3496348	1	4	0.0120449312523	6.42110248118
3496348	1	5	0.00698179431582	6.42110248118
3496348	1	6	0.00618852422119	6.42110248118
3496348	1	7	0.00379247683784	6.42110248118
3496348	1	8	0.00318092217716	6.42110248118
3496348	1	9	0.00123755673897	6.42110248118
3496348	1	10	-0.000281922082305	6.42110248118
3496348	1	11	0.00196759731625	6.42110248118
3496348	1	12	0.00140238114538	6.42110248118
3496348	1	13	0.00132569109747	6.42110248118
3496348	1	14	-0.000185144880753	6.42110248118
3496348	1	15	0.00032679951715	6.42110248118
3496348	1	16	0.000116386074008	6.42110248118
3496348	1	17	0.000296531712953	6.42110248118
3496348	1	18	0.000500882580989	6.42110248118
3496348	1	19	0.000673021845307	6.42110248118
4615705	0	0	0	6.40682230051
4615705	0	1	1.10900860094	6.40682230051
4615705	0	2	0.125847944899	6.40682230051
4615705	0	3	0.0241736761854	6.40682230051
4615705	0	4	0.00902261692001	6.40682230051
4615705	0	5	0.00599346859275	6.40682230051
4615705	0	6	0.00300884946963	6.40682230051
4615705	0	7	0.00088428127292	6.40682230051
4615705	0	8	0.000315474667461	6.40682230051
4615705	0	9	0.000573646215996	6.40682230051
4615705	0	10	0.00159045522493	6.40682230051
4615705	0	11	-0.000504339201862	6.40682230051
4615705	0	12	0.000460163260684	6.40682230051
4615705	0	13	-0.000570005196503	6.40682230051
4615705	0	14	0.00083318316325	6.40682230051
4615705	0	15	-0.000421188944708	6.40682230051
4615705	0	16	0.000659965994031	6.40682230051
4615705	0	17	0.000344344604078	6.40682230051
4615705	0	18	0.000312117334789	6.40682230051
4615705	0	19	0.000183984797252	6.40682230051
4615705	1	0	0	6.40682230051
4615705	1	1	1.04840355387	6.40682230051
4615705	1	2	0.127629869518	6.40682230051
4615705	1	3	0.0304653356412	6.40682230051
4615705	1	4	0.0120638259411	6.40682230051
4615705	1	5	0.00866510549291	6.40682230051
4615705	1	6	0.00372667462276	6.40682230051
4615705	1	7	0.00281397845862	6.40682230051
4615705	1	8	0.00152260677152	6.40682230051
4615705	1	9	0.000634341193107	6.40682230051
4615705	1	10	0.000529826775903	6.40682230051
4615705	1	11	0.000850596361841	6.40682230051
4615705	1	12	-0.000536915533278	6.40682230051
4615705	1	13	0.000779703449544	6.40682230051
4615705	1	14	0.00130596127632	6.40682230051
4615705	1	15	-1.30903767825e-06	6.40682230051
4615705	1	16	0.00121295160029	6.40682230051
4615705	1	17	-0.000780392296984	6.40682230051
4615705	1	18	0.000843686270716	6.40682230051
4615705	1	19	0.0008774273678	6.40682230051
2487822	0	0	0	6.41121640581
2487822	0	1	1.10253684727	6.41121640581
2487822	0	2	0.141253489884	6.41121640581
2487822	0	3	0.0254474042413	6.41121640581
2487822	0	4	0.00966355213607	6.41121640581
2487822	0	5	0.00566491755125	6.41121640581
2487822	0	6	0.00477726201109	6.41121640581
2487822	0	7	0.00258222746064	6.41121640581
2487822	0	8	0.00251039802738	6.41121640581
2487822	0	9	0.00168780098161	6.41121640581
2487822	0	10	0.00167834632953	6.41121640581
2487822	0	11	0.000578946341744	6.41121640581
2487822	0	12	0.000754429811161	6.41121640581
2487822	0	13	0.000880371532036	6.41121640581
2487822	0	14	0.000919131606043	6.41121640581
2487822	0	15	0.000631970003612	6.41121640581
2487822	0	16	-0.000378093271395	6.41121640581
2487822	0	17	0.000886101760788	6.41121640581
2487822	0	18	0.000251104801721	6.41121640581
2487822	0	19	0.000820886129369	6.41121640581
2487822	1	0	0	6.41121640581
2487822	1	1	1.0591828268	6.41121640581
2487822	1	2	0.136156142146	6.41121640581
2487822	1	3	0.0320317073733	6.41121640581
2487822	1	4	0.0122647747552	6.41121640581
2487822	1	5	0.00856859285569	6.41121640581
2487822	1	6	0.00578330754906	6.41121640581
2487822	1	7	0.00345906334382	6.41121640581
2487822	1	8	0.00318833277883	6.41121640581
2487822	1	9	0.00130012716472	6.41121640581
2487822	1	10	0.00109491574061	6.41121640581
2487822	1	11	0.00188676271896	6.41121640581
2487822	1	12	-8.95487230572e-05	6.41121640581
2487822	1	13	0.00104122458548	6.41121640581
2487822	1	14	-0.000395521829246	6.41121640581
2487822	1	15	0.000532388358945	6.41121640581
2487822	1	16	0.000640997747068	6.41121640581
2487822	1	17	3.03154572814e-05	6.41121640581
2487822	1	18	0.000302985227139	6.41121640581
2487822	1	19	0.000448331511698	6.41121640581
9882606	0	0	0	6.42388083006
9882606	0	1	1.11606016773	6.42388083006
9882606	0	2	0.12376153142	6.42388083006
9882606	0	3	0.0233238985465	6.42388083006
9882606	0	4	0.00885353651114	6.42388083006
9882606	0	5	0.00821194697315	6.42388083006
9882606	0	6	0.00234450906244	6.42388083006
9882606	0	7	0.00281560846542	6.42388083006
9882606	0	8	0.00314855295507	6.42388083006
9882606	0	9	0.00244314582827	6.42388083006
9882606	0	10	0.00293849382508	6.42388083006
9882606	0	11	0.000613458464865	6.42388083006
9882606	0	12	0.00143186488348	6.42388083006
9882606	0	13	0.00113518027808	6.42388083006
9882606	0	14	0.00072935313011	6.42388083006
9882606	0	15	-0.000735830667753	6.42388083006
9882606	0	16	-7.74391071392e-05	6.42388083006
9882606	0	17	0.000205819318193	6.42388083006
9882606	0	18	-3.76757803542e-05	6.42388083006
9882606	0	19	0.000147598275704	6.42388083006
9882606	1	0	0	6.42388083006
9882606	1	1	1.07957082851	6.42388083006
9882606	1	2	0.121125319359	6.42388083006
9882606	1	3	0.0252595768288	6.42388083006
9882606	1	4	0.0114021507372	6.42388083006
9882606	1	5	0.0067828787	6.42388083006
9882606	1	6	0.00282721477024	6.42388083006
9882606	1	7	0.00332797141406	6.42388083006
9882606	1	8	0.00205646235538	6.42388083006
9882606	1	9	0.0020761274576	6.42388083006
9882606	1	10	0.00153329694688	6.42388083006
9882606	1	11	0.000179774610015	6.42388083006
9882606	1	12	0.00156159522151	6.42388083006
9882606	1	13	0.000640913293024	6.42388083006
9882606	1	14	0.000701319419803	6.42388083006
9882606	1	15	0.00155992828247	6.42388083006
9882606	1	16	0.000551353936634	6.42388083006
9882606	1	17	7.8712787893e-05	6.42388083006
9882606	1	18	0.000255474138886	6.42388083006
9882606	1	19	0.000436151707031	6.42388083006
5691649	0	0	0	6.41931179634
5691649	0	1	1.10698238167	6.41931179634
5691649	0	2	0.122590196716	6.41931179634
5691649	0	3	0.0246081121189	6.41931179634
5691649	0	4	0.0103264908687	6.41931179634
5691649	0	5	0.00736307001687	6.41931179634
5691649	0	6	0.00234205656952	6.41931179634
5691649	0	7	0.00147830948782	6.41931179634
5691649	0	8	-0.000213763555649	6.41931179634
5691649	0	9	0.000291670135613	6.41931179634
5691649	0	10	0.00131398178497	6.41931179634
5691649	0	11	-0.000489855595901	6.41931179634
5691649	0	12	3.47780439629e-05	6.41931179634
5691649	0	13	-0.000161525185113	6.41931179634
5691649	0	14	0.000731248576411	6.41931179634
5691649	0	15	-0.000146008001683	6.41931179634
5691649	0	16	0.000852436584826	6.41931179634
5691649	0	17	-0.000283718415441	6.41931179634
5691649	0	18	-0.00021816426771	6.41931179634
5691649	0	19	-3.16610771289e-06	6.41931179634
5691649	1	0	0	6.41931179634
5691649	1	1	1.02686213821	6.41931179634
5691649	1	2	0.116536550241	6.41931179634
5691649	1	3	0.0339290597542	6.41931179634
5691649	1	4	0.013654065305	6.41931179634
5691649	1	5	0.0103721405986	6.41931179634
5691649	1	6	0.00549034544161	6.41931179634
5691649	1	7	0.00432300812675	6.41931179634
5691649	1	8	0.00165562005265	6.41931179634
5691649	1	9	0.000607881609908	6.41931179634
5691649	1	10	-1.54842769842e-05	6.41931179634
5691649	1	11	-0.000752245427009	6.41931179634
5691649	1	12	0.000614968573181	6.41931179634
5691649	1	13	0.000387227304421	6.41931179634
5691649	1	14	3.57847536687e-05	6.41931179634
5691649	1	15	-0.000328240836992	6.41931179634
5691649	1	16	-0.000454641322734	6.41931179634
5691649	1	17	-0.000155619528247	6.41931179634
5691649	1	18	0.000159889183385	6.41931179634
5691649	1	19	0.000552603987757	6.41931179634
177174	0	0	0	6.41177041213
177174	0	1	1.06517449626	6.41177041213
177174	0	2	0.132880650606	6.41177041213
177174	0	3	0.0165325180373	6.41177041213
177174	0	4	0.00860687648636	6.41177041213
177174	0	5	0.00748869028728	6.41177041213
177174	0	6	0.00544367902507	6.41177041213
177174	0	7	0.00246819161577	6.41177041213
177174	0	8	0.00200725111533	6.41177041213
177174	0	9	0.000646841966899	6.41177041213
177174	0	10	0.00163641310268	6.41177041213
177174	0	11	0.00115796646044	6.41177041213
177174	0	12	-0.000288115626816	6.41177041213
177174	0	13	0.000854281008633	6.41177041213
177174	0	14	0.000143078934154	6.41177041213
177174	0	15	0.000903409194911	6.41177041213
177174	0	16	-0.000225286150324	6.41177041213
177174	0	17	-4.20015777394e-05	6.41177041213
177174	0	18	-0.000628774402622	6.41177041213
177174	0	19	0.00053922244143	6.41177041213
177174	1	0	0	6.41177041213
177174	1	1	1.01221186084	6.41177041213
177174	1	2	0.114585276972	6.41177041213
177174	1	3	0.0268317379076	6.41177041213
177174	1	4	0.00867598203603	6.41177041213
177174	1	5	0.00883462698818	6.41177041213
177174	1	6	0.00733886041192	6.41177041213
177174	1	7	0.00405497365866	6.41177041213
177174	1	8	0.00306572130408	6.41177041213
177174	1	9	0.00206976951213	6.41177041213
177174	1	10	0.00195172280032	6.41177041213
177174	1	11	0.0011223401128	6.41177041213
177174	1	12	0.000288617318843	6.41177041213
177174	1	13	0.00086240198696	6.41177041213
177174	1	14	0.00111690026593	6.41177041213
177174	1	15	0.000792044592066	6.41177041213
177174	1	16	0.00111333472998	6.41177041213
177174	1	17	-0.000161335754255	6.41177041213
177174	1	18	0.000973984376218	6.41177041213
177174	1	19	0.000363112699333	6.41177041213
8746911	0	0	0	6.418697814
8746911	0	1	1.06599738605	6.418697814
8746911	0	2	0.126664661449	6.418697814
8746911	0	3	0.0215298525399	6.418697814
8746911	0	4	0.00882735514494	6.418697814
8746911	0	5	0.00557696846655	6.418697814
8746911	0	6	0.00241085239602	6.418697814
8746911	0	7	0.00110862158171	6.418697814
8746911	0	8	0.00125183244796	6.418697814
8746911	0	9	0.00171893061088	6.418697814
8746911	0	10	0.00259962451232	6.418697814
8746911	0	11	0.00178666896773	6.418697814
8746911	0	12	-0.000350379830075	6.418697814
8746911	0	13	0.0017673149452	6.418697814
8746911	0	14	-2.06002666614e-05	6.418697814
8746911	0	15	0.00115208185145	6.418697814
8746911	0	16	-0.000118916807256	6.418697814
8746911	0	17	0.00118682987703	6.418697814
8746911	0	18	0.000776249322912	6.418697814
8746911	0	19	0.000833356490952	6.418697814
8746911	1	0	0	6.418697814
8746911	1	1	1.02813038822	6.418697814
8746911	1	2	0.114393287376	6.418697814
8746911	1	3	0.0249050262817	6.418697814
8746911	1	4	0.00992263023094	6.418697814
8746911	1	5	0.00838580402396	6.418697814
8746911	1	6	0.00402064584664	6.418697814
8746911	1	7	0.0043691010872	6.418697814
8746911	1	8	0.00251283472346	6.418697814
8746911	1	9	0.0014671486015	6.418697814
8746911	1	10	0.00216512486641	6.418697814
8746911	1	11	0.000661338919225	6.418697814
8746911	1	12	-0.000237107397253	6.418697814
8746911	1	13	0.00182153588535	6.418697814
8746911	1	14	0.000376655452238	6.418697814
8746911	1	15	0.000117222125283	6.418697814
8746911	1	16	0.00113113602334	6.418697814
8746911	1	17	0.000381893003229	6.418697814
8746911	1	18	0.000144752568255	6.418697814
8746911	1	19	0.000537634705407	6.418697814
5794845	0	0	0	6.41256966113
5794845	0	1	1.09381802484	6.41256966113
5794845	0	2	0.12401095773	6.41256966113
5794845	0	3	0.025803337428	6.41256966113
5794845	0	4	0.0110873072872	6.41256966113
5794845	0	5	0.00634903153816	6.41256966113
5794845	0	6	0.0032924005523	6.41256966113
5794845	0	7	0.0033698813176	6.41256966113
5794845	0	8	0.00102248016362	6.41256966113
5794845	0	9	0.0018250391091	6.41256966113
5794845	0	10	0.00201101540272	6.41256966113
5794845	0	11	0.000480344757811	6.41256966113
5794845	0	12	0.000948860042082	6.41256966113
5794845	0	13	0.00112138263149	6.41256966113
5794845	0	14	0.000970037659341	6.41256966113
5794845	0	15	0.000459748035595	6.41256966113
5794845	0	16	-0.000566023779077	6.41256966113
5794845	0	17	0.000425666059235	6.41256966113
5794845	0	18	-0.000176479589549	6.41256966113
5794845	0	19	0.000964773765691	6.41256966113
5794845	1	0	0	6.41256966113
5794845	1	1	1.04451805453	6.41256966113
5794845	1	2	0.123831003316	6.41256966113
5794845	1	3	0.0347961408015	6.41256966113
5794845	1	4	0.0131447788903	6.41256966113
5794845	1	5	0.00862082860071	6.41256966113
5794845	1	6	0.00529513630811	6.41256966113
5794845	1	7	0.00520104601414	6.41256966113
5794845	1	8	0.0018398353263	6.41256966113
5794845	1	9	0.00143169330612	6.41256966113
5794845	1	10	0.000882389020994	6.41256966113
5794845	1	11	0.000978494834778	6.41256966113
5794845	1	12	0.000612953928531	6.41256966113
5794845	1	13	7.9154268124e-05	6.41256966113
5794845	1	14	0.000511514644968	6.41256966113
5794845	1	15	0.000187088067656	6.41256966113
5794845	1	16	0.000184911560048	6.41256966113
5794845	1	17	0.000538266229118	6.41256966113
5794845	1	18	0.000390912257521	6.41256966113
5794845	1	19	0.000293545015385	6.41256966113
3943676	0	0	0	6.41706485533
3943676	0	1	1.00216564358	6.41706485533
3943676	0	2	0.108775669559	6.41706485533
3943676	0	3	0.0130827207899	6.41706485533
3943676	0	4	0.00720268255463	6.41706485533
3943676	0	5	0.0060980386271	6.41706485533
3943676	0	6	0.00249758262946	6.41706485533
3943676	0	7	0.0023106288131	6.41706485533
3943676	0	8	0.00242051717676	6.41706485533
3943676	0	9	0.000996399485891	6.41706485533
3943676	0	10	0.00133381623286	6.41706485533
3943676	0	11	0.00170757294226	6.41706485533
3943676	0	12	0.00124775546182	6.41706485533
3943676	0	13	0.000445996160473	6.41706485533
3943676	0	14	4.85629568061e-05	6.41706485533
3943676	0	15	0.000300070556181	6.41706485533
3943676	0	16	-3.65882923248e-06	6.41706485533
3943676	0	17	9.48912508614e-05	6.41706485533
3943676	0	18	0.000805745882277	6.41706485533
3943676	0	19	0.00123869498695	6.41706485533
3943676	1	0	0	6.41706485533
3943676	1	1	0.966851219296	6.41706485533
3943676	1	2	0.0999248168485	6.41706485533
3943676	1	3	0.0178662515665	6.41706485533
3943676	1	4	0.00980655199849	6.41706485533
3943676	1	5	0.00717327254972	6.41706485533
3943676	1	6	0.00525470833237	6.41706485533
3943676	1	7	0.00194487580906	6.41706485533
3943676	1	8	0.0038861865635	6.41706485533
3943676	1	9	0.00118248005619	6.41706485533
3943676	1	10	0.00112913135565	6.41706485533
3943676	1	11	0.00053178606596	6.41706485533
3943676	1	12	-0.000491356164849	6.41706485533
3943676	1	13	0.00193590889002	6.41706485533
3943676	1	14	0.000424818849524	6.41706485533
3943676	1	15	-0.000217704846464	6.41706485533
3943676	1	16	7.21644488877e-06	6.41706485533
3943676	1	17	0.000358682143926	6.41706485533
3943676	1	18	0.000505343461087	6.41706485533
3943676	1	19	0.000610381799673	6.41706485533
8209884	0	0	0	6.40260204536
8209884	0	1	1.07530082562	6.40260204536
8209884	0	2	0.110828899162	6.40260204536
8209884	0	3	0.0178508976025	6.40260204536
8209884	0	4	0.00693595082298	6.40260204536
8209884	0	5	0.00701869027466	6.40260204536
8209884	0	6	0.00276014675096	6.40260204536
8209884	0	7	0.00258319876966	6.40260204536
8209884	0	8	0.00353911068064	6.40260204536
8209884	0	9	0.00165433315681	6.40260204536
8209884	0	10	0.00220546952582	6.40260204536
8209884	0	11	0.000938188420355	6.40260204536
8209884	0	12	0.000901468283454	6.40260204536
8209884	0	13	0.000261698970776	6.40260204536
8209884	0	14	-0.000303244409161	6.40260204536
8209884	0	15	0.000250210595303	6.40260204536
8209884	0	16	8.04837848154e-05	6.40260204536
8209884	0	17	4.570582837e-05	6.40260204536
8209884	0	18	0.00011812735886	6.40260204536
8209884	0	19	0.000748386752378	6.40260204536
8209884	1	0	0	6.40260204536
8209884	1	1	1.02706242155	6.40260204536
8209884	1	2	0.108895910151	6.40260204536
8209884	1	3	0.0288415107857	6.40260204536
8209884	1	4	0.00904275579628	6.40260204536
8209884	1	5	0.00618629822263	6.40260204536
8209884	1	6	0.00477797952039	6.40260204536
8209884	1	7	0.00429339004983	6.40260204536
8209884	1	8	0.00266080923536	6.40260204536
8209884	1	9	0.00158177636857	6.40260204536
8209884	1	10	0.00117690455775	6.40260204536
8209884	1	11	0.00040763888412	6.40260204536
8209884	1	12	0.000183093872728	6.40260204536
8209884	1	13	0.000429601748952	6.40260204536
8209884	1	14	0.000780504756514	6.40260204536
8209884	1	15	-0.00018796827133	6.40260204536
8209884	1	16	0.00033249880859	6.40260204536
8209884	1	17	0.000233976733983	6.40260204536
8209884	1	18	0.00032229334693	6.40260204536
8209884	1	19	0.000652930009493	6.40260204536
